代码,名称,最新价,涨跌额,涨跌幅,昨收,今开,最高,最低,成交量,成交额
sh000001,上证指数,3956.2055,9.463,0.24,3946.7424,3960.6993,3967.971,3945.6664,310089950,418707622954
sh000002,Ａ股指数,4148.1322,10.021,0.242,4138.1114,4152.7693,4160.41,4137.0396,309953796,418417554788
sh000003,Ｂ股指数,254.6548,-0.545,-0.213,255.1996,255.2088,255.5474,254.2351,91304,43356664
sh000004,工业指数,3536.1032,-9.984,-0.282,3546.0873,3563.0714,3567.1701,3528.394,179111702,305675519093
sh000005,商业指数,2910.2113,23.331,0.808,2886.8808,2902.296,2911.0226,2893.1413,26477056,26051102303
sh000006,地产指数,4494.2913,19.25,0.43,4475.0412,4470.7115,4499.333,4434.0373,7012593,3796985461
sh000007,公用指数,4768.2836,15.345,0.323,4752.9391,4761.1477,4773.7572,4756.6289,22813042,14015151292
sh000008,综合指数,3724.5516,44.103,1.198,3680.449,3684.1046,3724.5516,3672.1125,74675557,69168864805
sh000009,上证380,6346.83,-28.23,-0.443,6375.0602,6406.1235,6416.8296,6334.8135,43704518,70582916440
sh000010,上证180,10019.0122,18.11,0.181,10000.9017,10046.1727,10049.9032,9991.3042,77861352,125328233655
sh000011,基金指数,7124.4238,0.725,0.01,7123.6987,7131.2162,7132.8753,7121.7168,624292742,195517414981
sh000012,国债指数,225.5715,0.041,0.018,225.5309,225.5454,225.5791,225.5416,3483709,3506990349
sh000015,红利指数,3178.5733,23.349,0.74,3155.2239,3153.3465,3178.6367,3151.1512,25198410,18719459095
sh000016,上证50,3030.3848,10.036,0.332,3020.3487,3030.0366,3036.2755,3020.883,29050409,53935678606
sh000017,新综指,3344.0812,8.017,0.24,3336.0638,3347.874,3354.0313,3335.1652,305435609,411022532888
sh000018,180金融,5951.1803,78.541,1.337,5872.6396,5892.5304,5951.1803,5873.3592,38710959,35074114769
sh000019,治理指数,1232.425,3.824,0.311,1228.6006,1230.2358,1234.2593,1228.704,48539635,67855670291
sh000020,中型综指,1619.9948,-9.022,-0.554,1629.0166,1642.8963,1646.0853,1615.5939,49633009,103743003068
sh000021,180治理,1079.8197,4.465,0.415,1075.3544,1076.0769,1080.4638,1075.2024,33955061,46156298294
sh000022,沪公司债,253.2462,0.017,0.007,253.2289,253.2466,253.2466,253.2462,7800,7708845
sh000025,180基建,1826.2575,10.126,0.558,1816.1312,1817.7283,1826.2575,1816.509,8816053,6516667040
sh000026,180资源,5266.2,9.197,0.175,5257.0032,5241.7744,5298.4876,5241.7744,8944706,21440872121
sh000027,180运输,782.6677,-2.704,-0.344,785.3716,784.6,787.4851,781.0059,2500066,2222894294
sh000028,180成长,3813.116,-6.25,-0.164,3819.3661,3834.406,3838.0063,3802.8186,14815353,45897838860
sh000029,180价值,4493.7597,47.578,1.07,4446.1816,4450.346,4493.7597,4439.9662,45911749,38633245664
sh000030,180R成长,2539.2802,-2.752,-0.108,2542.0319,2557.462,2558.0494,2533.4245,33925970,89386273839
sh000031,180R价值,3302.0694,27.136,0.829,3274.9335,3282.1041,3302.0694,3274.1948,65022365,82121680643
sh000032,上证能源,2042.6927,0.537,0.026,2042.1555,2030.2989,2044.0416,2027.3795,7522883,5401724511
sh000033,上证材料,3341.3959,-4.111,-0.123,3345.5073,3346.814,3380.9454,3328.0354,20297914,33892843104
sh000034,上证工业,2264.1403,-5.599,-0.247,2269.7393,2269.1594,2274.2071,2258.7948,14902981,20852531157
sh000035,上证可选,2913.3364,-14.052,-0.48,2927.3883,2931.9643,2935.4673,2906.6705,6270107,10611280730
sh000036,上证消费,11327.1098,-43.153,-0.38,11370.2629,11375.3132,11375.8947,11309.2963,1450470,5052814253
sh000037,上证医药,6600.1819,0.872,0.013,6599.3102,6627.1243,6660.2579,6586.5818,1700417,6418378039
sh000038,上证金融,5928.3267,71.714,1.225,5856.6123,5871.2246,5928.3267,5852.3995,31315330,28410668501
sh000039,上证信息,5402.0798,-21.651,-0.399,5423.7313,5532.9431,5539.0105,5385.3512,7090036,43168683198
sh000040,上证电信,3861.1436,-3.102,-0.08,3864.246,3876.1251,3883.3172,3851.9572,4599818,6987612973
sh000041,上证公用,2642.8702,6.63,0.252,2636.2398,2637.8816,2645.9513,2634.9486,7877470,4676029184
sh000042,上证央企,1858.0666,15.08,0.818,1842.9869,1844.242,1858.0666,1841.3933,34239530,36689283092
sh000043,超大盘,2611.6963,6.236,0.239,2605.4599,2616.5677,2619.3086,2602.8696,9256976,26789559416
sh000044,上证中盘,4579.6655,18.746,0.411,4560.92,4584.3931,4588.5655,4568.1925,48810943,71392555049
sh000045,上证小盘,5569.7863,-24.184,-0.432,5593.9702,5630.1675,5638.1062,5559.6017,60804512,91702096032
sh000046,上证中小,5057.0377,0.972,0.019,5056.0653,5085.197,5087.7553,5046.0118,109615455,163094651081
sh000047,上证全指,3909.9335,6.252,0.16,3903.6815,3921.685,3923.9727,3900.0642,138665864,217030329687
sh000048,责任指数,1460.8504,6.313,0.434,1454.5376,1455.8549,1461.4384,1454.2071,15953148,26873531229
sh000049,上证民企,1988.0418,-9.1,-0.456,1997.1421,2009.6508,2011.0692,1984.4558,15046850,39801858460
sh000050,50等权,2430.5695,6.229,0.257,2424.34,2432.4549,2436.9477,2422.517,29050409,53935678606
sh000051,180等权,9338.2579,14.301,0.153,9323.9566,9360.6564,9366.4795,9313.2374,77861352,125328233655
sh000052,50基本,3043.1067,22.176,0.734,3020.9307,3022.5207,3043.1067,3017.0916,29050409,53935678606
sh000053,180基本,12754.5421,90.129,0.712,12664.413,12682.1887,12754.5421,12660.5153,76801516,124798375338
sh000054,上证海外,1589.2299,12.195,0.773,1577.0349,1582.0984,1590.4997,1579.4321,42532321,46768415225
sh000055,上证地企,1555.8297,4.236,0.273,1551.5937,1556.4535,1561.1668,1551.2908,21880687,33216602432
sh000056,上证国企,1246.2133,3.189,0.257,1243.0244,1244.9604,1248.9424,1242.2454,34150614,50183537449
sh000057,全指成长,3752.4981,-13.537,-0.359,3766.0346,3779.4381,3781.8023,3743.8216,20173512,57906961090
sh000058,全指价值,4768.1225,41.553,0.879,4726.5694,4734.6294,4768.1225,4726.163,70808875,68064448471
sh000059,全R成长,3261.9799,-10.772,-0.329,3272.7515,3293.5856,3295.4252,3255.6917,75262191,162960384208
sh000060,全R价值,4494.4712,27.104,0.607,4467.3677,4480.9811,4497.672,4473.0294,125897554,173117871589
sh000061,沪企债30,178.1871,0.031,0.018,178.1557,178.166,178.1871,178.1606,15200,15136147
sh000062,上证沪企,2072.3054,1.639,0.079,2070.6664,2083.1186,2084.9389,2066.5392,11283204,20094842547
sh000063,上证周期,3993.7961,36.864,0.932,3956.9321,3965.186,3993.7961,3956.7673,42400988,50257684700
sh000064,非周期,3593.5122,-6.053,-0.168,3599.5648,3621.9351,3622.9188,3587.1997,27494443,68524822740
sh000065,上证龙头,3611.0677,-1.407,-0.039,3612.4746,3625.2988,3626.5842,3599.1934,35572690,64319186870
sh000066,上证商品,3424.8853,-6.909,-0.201,3431.7945,3427.5259,3459.9493,3412.8831,19263239,32504564987
sh000067,上证新兴,8670.4094,-37.51,-0.431,8707.9189,8775.5912,8775.7738,8652.9614,14412733,52565167468
sh000068,上证资源,3859.3235,5.074,0.132,3854.2491,3844.4384,3892.4414,3844.4384,18406452,32944951534
sh000069,消费80,4996.8278,-9.457,-0.189,5006.2844,5017.3284,5027.0333,4986.861,6907358,18328183327
sh000070,能源等权,2783.3264,-11.958,-0.428,2795.2848,2786.6637,2795.4847,2774.7876,7522883,5401724511
sh000071,材料等权,4496.3973,-0.76,-0.017,4497.1573,4499.8246,4554.2796,4479.8376,20297914,33892843104
sh000072,工业等权,3033.6033,-12.171,-0.4,3045.7743,3045.2379,3048.3345,3026.542,14902981,20852531157
sh000073,可选等权,3379.4686,-21.14,-0.622,3400.6086,3406.1428,3409.6286,3372.9624,6270107,10611280730
sh000074,消费等权,7348.8439,-52.102,-0.704,7400.9462,7403.2986,7407.4871,7334.2801,1450470,5052814253
sh000075,医药等权,7217.9282,-11.385,-0.157,7229.3137,7246.8386,7272.0896,7202.1182,1700417,6418378039
sh000076,金融等权,5819.5294,91.699,1.601,5727.8304,5736.669,5819.5294,5717.9087,31736876,29089579909
sh000077,信息等权,5811.7174,-33.57,-0.574,5845.2872,5953.0094,5962.3575,5794.044,7090036,43168683198
sh000078,电信等权,3223.4923,-0.486,-0.015,3223.9787,3232.8814,3238.208,3215.3818,4599818,6987612973
sh000079,公用等权,2636.5756,4.602,0.175,2631.9731,2634.0506,2647.1458,2630.6379,7877470,4676029184
sh000090,上证流通,1424.2393,-0.203,-0.014,1424.4426,1430.964,1432.0179,1420.8613,305435609,411022532888
sh000091,沪财中小,14107.0697,-86.643,-0.61,14193.7127,14258.3258,14296.5591,14074.0331,16848894,23574390213
sh000092,资源50,4610.4929,-3.619,-0.078,4614.1115,4607.1237,4650.873,4592.9916,16221110,33684798171
sh000093,180分层,12180.3703,22.314,0.184,12158.0563,12191.2043,12196.7834,12131.7138,77861352,125328233655
sh000094,上证上游,4278.3684,1.089,0.025,4277.2797,4268.4017,4313.6126,4261.7422,18282359,32758830142
sh000095,上证中游,3762.5536,-16.765,-0.444,3779.3183,3815.0476,3817.3834,3756.3547,40494486,98493510134
sh000096,上证下游,4318.8086,-6.021,-0.139,4324.8293,4334.7964,4341.214,4309.7553,19337574,32651734708
sh000097,高端装备,11046.4919,-74.885,-0.673,11121.377,11239.6816,11242.6379,11032.4153,13776630,56284968774
sh000098,上证F200,5601.9232,38.447,0.691,5563.4761,5571.9075,5601.9232,5565.6949,88588103,108584602494
sh000099,上证F300,9026.0347,-33.814,-0.373,9059.8484,9086.7755,9102.594,9003.8232,48507316,66339097092
sh000100,上证F500,6296.0125,32.318,0.516,6263.695,6274.6274,6300.4705,6269.1237,137095420,174923699586
sh000101,5年信用,251.0137,0.02,0.008,250.9941,251.0104,251.0137,251.0104,11400,11466932
sh000102,沪投资品,7379.7042,-21.173,-0.286,7400.8777,7397.6139,7446.7419,7358.7511,18163987,39559766664
sh000103,沪消费品,8328.3786,-17.692,-0.212,8346.0707,8370.5382,8388.4693,8311.1009,2154552,9743176043
sh000104,380能源,1356.5871,-10.807,-0.79,1367.3945,1365.7956,1369.0661,1354.4157,1747761,1507249560
sh000105,380材料,5114.9312,-12.101,-0.236,5127.032,5132.0576,5193.3398,5096.7941,9450291,14540572174
sh000106,380工业,5646.896,-23.81,-0.42,5670.7063,5699.9772,5712.4552,5636.4946,12571248,20150326967
sh000107,380可选,5495.5632,-28.818,-0.522,5524.381,5542.3831,5551.0537,5485.6333,1918440,4277509065
sh000108,380消费,12449.1426,-88.138,-0.703,12537.2801,12543.1329,12543.1329,12423.0039,1145668,1809867429
sh000109,380医药,10212.5014,-60.166,-0.586,10272.6672,10298.3311,10327.5707,10202.6054,1349497,3236417264
sh000110,380金融,4300.0498,24.24,0.567,4275.8095,4318.9897,4322.6532,4287.5884,4326484,3505830010
sh000111,380信息,9168.8091,-66.397,-0.719,9235.2064,9331.4985,9372.835,9143.723,2505156,10553265946
sh000112,380电信,5501.1653,-81.28,-1.456,5582.4453,5642.763,5649.5467,5489.7956,1435687,6130108813
sh000113,380公用,3126.1767,-3.338,-0.107,3129.5146,3129.1913,3158.0141,3122.108,5490262,2446540408
sh000114,持续产业,1302.3525,-5.383,-0.412,1307.7353,1309.2272,1310.3038,1298.5102,8305122,15345418517
sh000115,380等权,8456.188,-40.21,-0.473,8496.3981,8537.0015,8549.7781,8438.8521,43704518,70582916440
sh000116,信用100,198.8905,0.023,0.012,198.8675,198.878,198.8905,198.8748,15200,15136147
sh000117,380成长,4138.8238,-30.44,-0.73,4169.2638,4191.6956,4204.3724,4133.6374,6602713,22838772899
sh000118,380价值,10155.3697,-0.271,-0.003,10155.6406,10178.2227,10217.9114,10128.1941,19839938,17348269546
sh000119,380R成长,4142.3258,-29.098,-0.698,4171.4239,4196.253,4205.8428,4136.4898,25862476,56506910320
sh000120,380R价值,9516.9942,-16.598,-0.174,9533.5921,9568.7755,9593.4098,9493.8325,39099701,51016406967
sh000121,医药主题,8358.0736,-35.106,-0.418,8393.1798,8414.8916,8442.2987,8343.0314,2083652,7096722104
sh000122,农业主题,1635.3936,-14.044,-0.851,1649.4379,1652.5068,1652.5068,1631.7207,6629365,4463289530
sh000123,180动态,6941.5326,5.023,0.072,6936.51,7002.1731,7005.4432,6923.5661,29845472,75880511920
sh000125,180稳定,12131.9451,75.26,0.624,12056.6854,12051.5791,12131.9451,12039.0568,46276343,48025378475
sh000126,消费50,8319.7254,-27.209,-0.326,8346.9346,8355.9461,8360.6819,8303.0405,5689689,13337675099
sh000128,380基本,9047.2953,-6.111,-0.067,9053.4062,9084.8084,9118.3153,9019.2665,43581356,70504939359
sh000129,180波动,15640.0076,111.935,0.721,15528.073,15531.364,15640.0076,15510.261,56285298,53715941264
sh000130,380波动,13672.3546,2.939,0.021,13669.4159,13684.4888,13736.284,13639.6038,14064271,12196931089
sh000131,上证高新,3541.7262,-32.663,-0.914,3574.389,3602.9125,3610.497,3528.9872,1687058,13585168020
sh000132,上证100,5766.9508,-35.628,-0.614,5802.5783,5822.507,5838.563,5758.9763,5222021,15397180478
sh000133,上证150,6378.4775,-62.758,-0.974,6441.2357,6491.6509,6499.163,6363.6629,10920910,21941167368
sh000134,上证银行,1087.2467,19.165,1.794,1068.0813,1065.7747,1087.2467,1062.973,31196301,21417672768
sh000135,180高贝,6157.3886,-4.758,-0.077,6162.147,6219.5375,6222.6926,6138.3908,14604441,52150464942
sh000136,180低贝,13247.1045,11.459,0.087,13235.6455,13137.2437,13272.0331,13122.3397,40333247,31819218747
sh000137,380高贝,5626.85,-48.135,-0.848,5674.9853,5737.2025,5751.557,5618.7874,7037122,25373751339
sh000138,380低贝,8194.9603,-18.161,-0.221,8213.1214,8221.9654,8238.9164,8173.1365,10871498,10789350992
sh000139,上证转债,426.2555,-0.404,-0.095,426.6599,427.647,428.2718,425.4144,6736203,11598967092
sh000141,380动态,3715.1821,-23.033,-0.616,3738.2152,3762.7413,3769.8406,3707.5479,21727099,44261642133
sh000142,380稳定,9740.7787,-24.466,-0.251,9765.245,9794.6632,9817.9934,9723.7837,21827732,25708020600
sh000145,优势资源,7771.274,9.893,0.127,7761.3809,7747.8577,7853.5866,7741.4133,15985215,31006423126
sh000146,优势制造,7622.3055,-51.592,-0.672,7673.8973,7680.4009,7682.8837,7610.8126,11232703,25272996972
sh000147,优势消费,7014.5318,-12.798,-0.182,7027.3295,7037.1764,7047.7675,7002.5387,2173790,7410617502
sh000148,消费领先,9598.221,10.827,0.113,9587.3943,9631.7384,9637.9437,9570.7645,36121290,50717974593
sh000149,180红利,4206.4112,52.164,1.256,4154.2473,4140.6838,4206.8865,4133.0613,32421497,24410276101
sh000150,380红利,12110.8789,11.106,0.092,12099.773,12120.7469,12150.1759,12064.3813,4087233,2906746071
sh000151,上国红利,1621.8949,12.144,0.754,1609.7506,1609.0262,1621.9455,1607.3127,18655211,13856060445
sh000152,上央红利,3001.4699,28.942,0.974,2972.5281,2968.4374,3001.5702,2964.523,24609850,18466147304
sh000153,上民红利,3162.6166,-5.732,-0.181,3168.349,3182.1184,3185.3405,3152.3979,2491330,2024314825
sh000155,市值百强,3300.578,13.192,0.401,3287.3864,3301.5771,3306.4853,3290.2988,57313026,102462172863
sh000158,上证环保,1377.4099,-13.837,-0.995,1391.247,1394.8949,1397.6027,1374.6899,9009129,18438024335
sh000159,沪股通,3613.8924,1.78,0.049,3612.112,3629.0903,3631.4902,3605.1875,251451804,347747393681
sh000160,沪新丝路,2077.7973,-1.726,-0.083,2079.5228,2080.7708,2087.1314,2071.5891,23797895,26139437519
sh000161,沪中国造,1725.0015,-12.087,-0.696,1737.0883,1741.5657,1742.1132,1722.0227,23682149,55291887270
sh000162,沪互联+,3598.0859,-18.471,-0.511,3616.5569,3651.7845,3656.2828,3588.1902,10868901,26122939043
sh000170,50AH优选,6245.5329,17.759,0.285,6227.7738,6267.3576,6275.3752,6223.6973,14685655,36131274910
sh000300,沪深300,4596.2668,7.975,0.174,4588.2922,4619.5401,4620.6529,4584.5513,108333763,242197963331
sh000510,中证A500,5511.9507,-0.433,-0.008,5512.3838,5547.6714,5550.0439,5498.5661,145077927,331743226964
sh000680,科创综指,1566.2308,-12.159,-0.77,1578.3901,1595.322,1597.9229,1562.1561,17212302,81617788120
sh000681,科创价格,1511.9287,-11.74,-0.771,1523.6686,1540.0113,1542.522,1507.9952,17212302,81617788120
sh000682,科创信息,1914.022,-13.936,-0.723,1927.9582,1957.5514,1960.7844,1907.8794,2807919,25879879679
sh000683,科创生物,1125.2126,-2.694,-0.239,1127.9071,1131.3768,1137.3309,1122.029,716669,3551431117
sh000687,科创高装,1193.5965,-14.689,-1.216,1208.2853,1216.1346,1218.5624,1192.115,1523059,7455479797
sh000688,科创50,1335.7221,-9.073,-0.675,1344.7956,1362.8515,1364.4822,1332.8622,4031604,24958703883
sh000689,科创材料,1154.6406,-9.184,-0.789,1163.8242,1173.6245,1180.6027,1152.4907,2778204,10144345022
sh000690,科创成长,1693.1208,-15.982,-0.935,1709.1031,1739.1882,1742.736,1685.1366,1423133,14992530458
sh000691,科创ESG,1402.3517,-15.855,-1.118,1418.207,1433.5434,1435.1251,1399.9107,1780987,15115170081
sh000692,科创新能,1209.3852,-20.723,-1.685,1230.1078,1237.0715,1246.4215,1206.6112,4254789,11311427090
sh000693,科创机械,1291.3038,-8.5,-0.654,1299.8041,1310.0712,1314.8252,1289.3531,1049578,4314380808
sh000695,科长三角,985.0816,-11.547,-1.159,996.6288,1008.1489,1010.578,983.861,3200489,15250735517
sh000697,科大湾区,1250.0937,-14.556,-1.151,1264.6499,1283.9453,1285.1603,1245.8791,1459602,7705492438
sh000698,科创100,1356.4606,-9.833,-0.72,1366.2939,1380.7546,1383.7902,1353.1282,3847727,20346745462
sh000699,科创200,1202.2433,-11.491,-0.947,1213.734,1228.4844,1231.0267,1198.0194,5559808,22955753446
sh000802,500沪市,7297.3144,-38.91,-0.53,7336.2243,7373.8134,7383.9382,7283.4438,45510054,60687108572
sh000819,有色金属,8541.3847,55.921,0.659,8485.4638,8487.6657,8660.3889,8482.1961,20245816,53946771418
sh000823,800有色,9858.8656,36.161,0.368,9822.7044,9823.5667,9997.0257,9817.9305,18308391,44874590576
sh000827,中证环保,1943.7272,-10.415,-0.533,1954.1425,1965.3814,1973.3325,1940.3288,25827543,73537235105
sh000847,腾讯济安,3407.1042,-5.661,-0.166,3412.7654,3423.3631,3431.2933,3399.5905,14246048,33201845634
sh000849,300非银,10731.8387,65.664,0.616,10666.1744,10805.5707,10813.0126,10691.0494,12329568,19834650942
sh000851,百发100,19944.5675,-123.818,-0.617,20068.3852,20168.1739,20191.0036,19856.7027,13104225,26326368166
sh000852,中证1000,7365.5531,-21.655,-0.293,7387.2084,7429.7001,7439.0443,7348.8714,134175362,214517299672
sh000853,CSSW丝路,1596.9532,-1.556,-0.097,1598.5089,1609.9528,1610.9991,1593.799,9324433,51794878458
sh000854,500原料,5496.9743,12.227,0.223,5484.7474,5498.3452,5577.4632,5478.4101,19627025,30705025033
sh000855,央视500,1613.8701,1.288,0.08,1612.5818,1621.588,1622.3238,1609.9421,128018495,305591959149
sh000856,500工业,7017.9374,-26.944,-0.382,7044.8812,7078.0004,7088.6089,7005.9941,19051739,34815473326
sh000857,500医药,10758.4021,-14.017,-0.13,10772.4187,10800.8183,10849.8156,10740.8447,2963860,5899014919
sh000858,500信息,9694.1366,-57.965,-0.594,9752.1015,9917.1183,9932.4374,9664.1166,9409834,42611123529
sh000860,结构调整,1216.58,2.464,0.203,1214.1161,1217.8852,1219.2141,1213.5071,25391562,33728575590
sh000865,上海国企,1506.6409,-1.617,-0.107,1508.2583,1514.7197,1516.821,1501.6517,10851041,16858937263
sh000867,港中小企,2781.2329,0.708,0.025,2780.5249,2797.0429,2806.0489,2766.8176,13964428,11584274422
sh000869,HK银行,4389.9745,54.006,1.246,4335.9683,4362.8642,4404.0527,4351.2466,5611823,5148144535
sh000888,上证收益,4518.3006,11.64,0.258,4506.6608,4523.0728,4531.377,4505.9054,310344846,418919617541
sh000891,新兴综指,1801.9953,-7.447,-0.412,1809.4425,1826.8171,1829.3677,1799.2335,226819449,519299609554
sh000901,小康指数,6408.4489,32.139,0.504,6376.3103,6382.8782,6418.496,6378.2314,49682846,60019374990
sh000903,中证A100,4456.613,-1.151,-0.026,4457.7639,4486.5417,4487.7965,4444.171,41582344,135536931994
sh000905,中证500,7100.5969,-22.15,-0.311,7122.7465,7174.1046,7180.732,7086.1,89021972,148442565398
sh000906,中证800,5014.4409,2.471,0.049,5011.9698,5046.6374,5048.7674,5002.1014,197455271,390761481713
sh000913,300医药,8588.9553,-20.667,-0.24,8609.6223,8650.4414,8678.0039,8574.3699,1510837,7088236131
sh000914,300金融,6786.6711,85.681,1.279,6700.9897,6731.0544,6786.6711,6710.0422,47110616,44160035043
sh000928,中证能源,3037.6404,-3.919,-0.129,3041.559,3022.5166,3041.1229,3015.9209,6535989,5351011785
sh000932,中证消费,16158.9032,-43.872,-0.271,16202.7749,16205.2297,16210.0945,16124.6755,2499594,7547981259
sh000933,中证医药,8470.8525,-16.608,-0.196,8487.4608,8521.4776,8551.3996,8456.9946,4477585,12991880610
sh000934,中证金融,6347.6897,73.632,1.174,6274.0575,6307.901,6347.6897,6288.8608,59512082,53784215436
sh000935,中证信息,6149.0879,-26.32,-0.426,6175.4075,6282.5354,6290.1965,6129.4181,19979186,88903678727
sh000974,800金融,7106.1458,81.864,1.165,7024.2821,7063.8232,7106.2578,7041.1946,54220640,49540913781
sh000982,500等权,8709.9803,-25.091,-0.287,8735.0713,8788.0093,8795.2395,8690.8608,89021972,148442565398
sh000986,全指能源,2417.4527,-4.977,-0.205,2422.4292,2409.1141,2421.9176,2403.5158,10929429,7563460187
sh000987,全指材料,4668.9868,15.636,0.336,4653.3507,4660.8385,4730.126,4649.257,50389853,99605305877
sh000989,全指可选,5351.2901,-12.138,-0.226,5363.4282,5376.5631,5381.249,5339.3583,13386688,25127319855
sh000991,全指医药,9139.17,-17.299,-0.189,9156.4687,9191.4091,9224.1766,9124.8648,5380704,15275540850
sh000992,全指金融,6068.8682,67.86,1.131,6001.0077,6033.2031,6068.8682,6015.2785,71612481,60665027632
sh000993,全指信息,8128.5037,-30.087,-0.369,8158.5906,8300.6171,8313.2708,8103.5071,26991200,103058301337
sz399001,深证成指,13061.651,-18.435,-0.141,13080.086,13215.065,13226.036,13033.219,40048541493,601206175832
sz399002,深成指R,17523.756,-24.732,-0.141,17548.488,17729.578,17744.297,17485.609,10862624002,273106701859
sz399003,成份Ｂ指,8576.063,-24.916,-0.29,8600.979,8600.092,8607.296,8572.61,2016701,9928699
sz399004,深证100R,8112.758,-14.925,-0.184,8127.683,8224.219,8230.341,8093.836,2335785270,104776546798
sz399005,中小100,7931.788,-11.758,-0.148,7943.546,8006.41,8012.938,7913.702,2014312865,61169686054
sz399006,创业板指,3060.179,-16.666,-0.542,3076.845,3131.838,3137.065,3054.99,11721440116,272144234580
sz399007,深证300,5509.183,-7.191,-0.13,5516.374,5576.286,5581.449,5496.515,6108325683,191342123048
sz399008,中小300,1597.903,-2.092,-0.131,1599.995,1611.38,1612.634,1594.269,6096276672,119487288105
sz399009,深证200,4988.605,-1.434,-0.029,4990.039,5034.558,5040.969,4976.96,3772540413,86565576250
sz399010,深证700,8513.986,-25.035,-0.293,8539.021,8589.551,8598.8,8493.197,11570634733,178683196137
sz399011,深证1000,6329.362,-11.444,-0.18,6340.806,6400.023,6406.026,6316.296,17678960416,370025319186
sz399012,创业300,4312.32,-23.932,-0.552,4336.252,4401.763,4409.358,4305.927,4149950863,154727902466
sz399013,深市精选,5380.798,0.062,0.001,5380.736,5414.836,5417.664,5367.716,7747915401,163792696389
sz399015,中小创新,2857.968,-10.401,-0.363,2868.369,2882.2,2886.776,2848.974,6816336414,96918617327
sz399016,深证创新,5413.606,-13.887,-0.256,5427.493,5496.043,5502.481,5402.315,990963403,68907869013
sz399017,SME创新,4608.593,-12.779,-0.277,4621.372,4666.373,4673.549,4599.253,1364418303,39894237798
sz399018,创业创新,5607.656,-18.561,-0.33,5626.217,5691.516,5698.392,5598.83,860991007,63470491114
sz399019,创业200,4341.952,-24.067,-0.551,4366.019,4393.064,4402.475,4332.706,2751662419,55713066243
sz399020,创业小盘,1701.063,-6.146,-0.36,1707.209,1715.909,1720.589,1693.152,2750132856,46238215240
sz399030,碳科技30,4648.116,-23.669,-0.507,4671.785,4716.448,4753.236,4639.609,581617064,36864755997
sz399050,创新引擎,2925.987,-9.965,-0.339,2935.952,2961.267,2963.01,2919.471,1283456896,27490401723
sz399060,碳科技60,3422.547,-12.545,-0.365,3435.092,3460.784,3469.201,3414.51,1726677929,74948674526
sz399088,深创100,4803.667,-23.184,-0.48,4826.851,4892.055,4898.728,4794.624,1298692133,73182859595
sz399100,新指数,11620.611,-28.528,-0.245,11649.139,11734.04,11744.969,11594.156,38177279454,590804215991
sz399101,中小综指,14082.453,-32.238,-0.228,14114.691,14196.384,14209.423,14049.524,16323197969,211328188047
sz399102,创业板综,3771.602,-24.873,-0.655,3796.475,3837.875,3844.194,3763.297,11721440116,272144234580
sz399103,乐富指数,8952.934,-4.145,-0.046,8957.079,9020.419,9032.245,8933.874,31265229684,67027768810
sz399106,深证综指,2466.416,-6.922,-0.28,2473.338,2490.335,2492.795,2460.849,40048541493,601206175832
sz399107,深证Ａ指,2580.443,-7.246,-0.28,2587.689,2605.494,2608.071,2574.612,40041339928,601185294175
sz399108,深证Ｂ指,1299.954,-1.953,-0.15,1301.907,1301.676,1303.856,1299.312,7201565,20881657
sz399231,农林指数,1398.065,-5.191,-0.37,1403.256,1406.713,1407.287,1392.707,1148248047,6314019032
sz399232,采矿指数,3912.957,3.332,0.085,3909.625,3900.027,3971.982,3895.711,596332664,13274173168
sz399233,制造指数,3343.162,-8.11,-0.242,3351.272,3380.977,3385.0,3336.487,23769812970,436552930138
sz399234,水电指数,958.065,1.458,0.152,956.607,957.695,961.694,955.673,796860737,6447873180
sz399235,建筑指数,1072.54,0.124,0.012,1072.416,1079.087,1081.958,1065.922,502620391,3771908119
sz399236,批零指数,1559.159,-21.155,-1.339,1580.314,1587.999,1591.034,1551.536,1631131065,19313756427
sz399237,运输指数,1135.301,-0.254,-0.022,1135.555,1135.816,1137.689,1131.655,346888742,3108500157
sz399238,餐饮指数,1366.433,-31.771,-2.272,1398.204,1400.077,1400.46,1355.401,32787817,305742091
sz399239,IT指数,2041.938,-3.534,-0.173,2045.472,2053.838,2058.347,2029.773,3071502161,49310588967
sz399240,金融指数,1640.445,6.865,0.42,1633.58,1656.598,1657.336,1634.261,1322559581,15308278308
sz399241,地产指数,1321.399,14.018,1.072,1307.381,1306.443,1324.644,1288.897,1672226967,7294832983
sz399242,商务指数,1389.647,-11.065,-0.79,1400.712,1404.989,1404.989,1384.62,1729421364,12676232291
sz399243,科研指数,1432.38,-5.211,-0.362,1437.591,1443.603,1449.36,1426.97,216259557,4244123290
sz399244,公共指数,634.578,1.945,0.307,632.633,635.546,639.349,633.018,651568242,6129990241
sz399248,文化指数,916.064,-9.289,-1.004,925.353,928.699,929.199,910.69,335270629,3433861056
sz399249,综企指数,3555.629,7.037,0.198,3548.592,3533.586,3648.4,3503.826,39673245,880557974
sz399258,绿色低碳,4492.292,-13.968,-0.31,4506.26,4537.896,4558.915,4481.745,1837617423,66536588260
sz399259,创业低碳,5014.998,-39.125,-0.774,5054.123,5099.831,5123.603,5008.704,852217548,35949015861
sz399260,先进制造,3643.607,-7.58,-0.208,3651.187,3705.43,3712.231,3636.729,1380152841,83858572020
sz399261,创业制造,5835.765,5.453,0.094,5830.312,5969.345,5995.971,5821.873,730389921,74406709809
sz399262,数字经济,2630.638,4.422,0.168,2626.216,2685.055,2697.731,2617.627,801212487,58895081459
sz399263,创业数字,2981.816,8.364,0.281,2973.452,3049.625,3062.112,2964.135,1208371294,54018614482
sz399264,创业软件,1450.77,-5.224,-0.359,1455.994,1469.071,1470.994,1441.74,809415975,16618187290
sz399265,创新药械,1083.458,-7.527,-0.69,1090.985,1097.297,1101.572,1082.267,392778524,9262183012
sz399266,创新能源,3626.792,-20.75,-0.569,3647.542,3682.241,3707.314,3619.627,853238388,43090373181
sz399267,专精特新,2058.499,-6.827,-0.331,2065.326,2092.111,2096.549,2054.124,1039825712,32747727914
sz399268,深小巨人,1935.879,-12.26,-0.629,1948.139,1972.113,1975.942,1932.065,961226797,34265544999
sz399269,创质量,7437.759,9.9,0.133,7427.859,7621.076,7656.55,7412.202,817613453,72186495708
sz399274,深新基建,5512.116,14.211,0.258,5497.905,5610.81,5633.429,5488.067,689441796,51646725623
sz399275,创医药,2733.171,-13.628,-0.496,2746.799,2761.52,2768.888,2729.93,384426049,7840509208
sz399276,创科技,7617.468,-6.065,-0.08,7623.533,7788.073,7823.5,7596.198,758396696,53655928857
sz399277,公共健康,2838.939,4.804,0.17,2834.135,2846.585,2857.467,2827.474,601462247,15696841464
sz399278,长江100,2070.94,9.479,0.46,2061.461,2085.474,2090.382,2065.811,2002397507,79594503461
sz399279,云科技50,4496.55,-3.32,-0.074,4499.87,4593.917,4613.445,4477.595,854935861,47083005292
sz399280,生物50,2166.041,-6.289,-0.29,2172.33,2183.304,2192.262,2161.17,433492070,7495667932
sz399281,电子50,4261.729,7.615,0.179,4254.114,4326.452,4340.407,4250.695,965677954,25116924183
sz399282,大数据50,5061.558,-31.116,-0.611,5092.674,5133.215,5142.629,5040.18,901544228,19083036843
sz399283,机器人50,4110.885,-14.832,-0.36,4125.717,4157.31,4164.064,4104.659,515194204,13879014024
sz399284,AI 50,3723.211,-12.231,-0.327,3735.442,3766.673,3772.158,3710.808,742443022,19269401736
sz399285,物联网50,5654.565,6.972,0.123,5647.593,5764.976,5788.169,5630.021,698418525,43008183106
sz399286,区块链50,3976.545,-5.281,-0.133,3981.826,4004.899,4009.928,3961.549,1287089754,20523966066
sz399290,深转交债,191.686,-0.213,-0.111,191.899,192.152,193.067,191.338,50540609,11314068926
sz399291,创精选88,4349.772,-36.91,-0.841,4386.682,4406.923,4417.343,4342.416,1043353555,27829584644
sz399292,民企发展,1441.494,-3.713,-0.257,1445.207,1450.98,1454.611,1437.943,5162996663,64938398784
sz399293,创业大盘,6131.001,-17.567,-0.286,6148.568,6280.7,6302.063,6118.823,690360281,71405468522
sz399294,中小创Q,3549.156,-39.394,-1.098,3588.55,3621.436,3623.279,3541.535,621208960,37824998105
sz399295,创价值,5225.18,-56.896,-1.077,5282.076,5331.662,5335.641,5219.019,570200804,48433189247
sz399296,创成长,5653.16,2.807,0.05,5650.353,5817.532,5847.254,5628.766,652715964,70232787926
sz399297,新浪100,6057.468,-16.798,-0.277,6074.266,6091.703,6096.838,6036.55,912109447,7318842994
sz399298,深信中高,213.693,0.018,0.008,213.675,213.692,213.693,213.69,1020000,102897821
sz399299,深信中低,245.918,0.019,0.008,245.899,245.918,245.918,245.918,0,0
sz399300,沪深300,4596.212,7.92,0.173,4588.292,4619.54,4620.653,4584.551,10836216200,242248962024
sz399301,深信用债,217.549,0.019,0.009,217.53,217.548,217.549,217.546,1020000,102897821
sz399302,深公司债,220.955,0.019,0.009,220.936,220.952,220.955,220.949,1020000,102897821
sz399303,国证2000,9549.736,-44.217,-0.461,9593.953,9645.509,9660.938,9520.139,23365661622,323322219939
sz399306,深证ETF,1801.204,-0.716,-0.04,1801.92,1815.202,1817.674,1797.232,30923024384,66476090534
sz399307,深证转债,355.754,-0.403,-0.113,356.157,356.688,358.093,355.038,116460151,24676573807
sz399310,国证A50,7876.193,-18.747,-0.237,7894.94,7964.946,7969.1,7856.805,1819673951,79392832541
sz399311,国证1000,4866.75,2.27,0.047,4864.48,4898.343,4900.909,4854.852,23914573213,460638096907
sz399312,国证300,5351.559,-2.866,-0.054,5354.425,5397.252,5400.302,5339.205,7464683990,233061016584
sz399313,巨潮100,5445.684,7.821,0.144,5437.863,5472.402,5474.288,5431.349,4986857749,116006187319
sz399314,巨潮大盘,5099.818,10.036,0.197,5089.782,5124.279,5126.762,5086.091,8788074223,193289821661
sz399315,巨潮中盘,4566.692,-4.418,-0.097,4571.11,4606.362,4610.633,4557.276,5739346681,122797770885
sz399316,巨潮小盘,5789.938,-15.032,-0.259,5804.97,5843.707,5847.069,5777.722,9387152309,144550504360
sz399317,国证Ａ指,6686.578,-7.019,-0.105,6693.597,6735.051,6740.903,6671.454,69129780027,1010950871019
sz399318,国证Ｂ指,5192.861,-11.909,-0.229,5204.77,5204.729,5210.537,5188.697,15930359,63984850
sz399319,资源优势,3176.869,7.985,0.252,3168.884,3164.521,3203.741,3164.303,3990762144,57049345453
sz399320,国证服务,2211.757,4.304,0.195,2207.453,2208.27,2214.917,2206.199,1729469684,13696776798
sz399321,国证红利,7862.405,62.772,0.805,7799.633,7802.972,7862.405,7791.347,3886974206,38901904129
sz399322,国证治理,10423.62,-16.155,-0.155,10439.775,10490.577,10491.092,10398.176,1768448746,60716696668
sz399324,深证红利,9135.803,29.675,0.326,9106.128,9134.76,9159.1,9113.115,541283771,12561891773
sz399326,成长40,5761.928,17.38,0.303,5744.548,5845.194,5857.498,5747.177,591475734,42128547243
sz399328,深证治理,10992.565,-83.246,-0.752,11075.811,11171.558,11173.296,10972.014,653423176,40642329534
sz399330,深证100,5711.24,-10.507,-0.184,5721.747,5789.707,5794.016,5697.92,2335785270,104776546798
sz399333,中小100R,9673.685,-14.34,-0.148,9688.025,9764.695,9772.658,9651.628,2014312865,61169686054
sz399335,深证央企,4170.388,-1.902,-0.046,4172.29,4199.943,4203.896,4158.371,904137589,15067798195
sz399337,深证民营,6362.463,-13.17,-0.207,6375.633,6470.394,6478.848,6348.684,2033938353,117787654274
sz399339,深证科技,8637.027,-71.536,-0.821,8708.563,8808.43,8816.802,8622.242,2092567933,90027191013
sz399341,深证责任,1678.996,5.012,0.299,1673.984,1685.006,1689.448,1675.193,1719110277,53977531933
sz399344,深证300R,7267.286,-9.485,-0.13,7276.771,7355.802,7362.613,7250.574,6108325683,191342123048
sz399346,深证成长,4279.438,-18.572,-0.432,4298.01,4356.863,4363.107,4269.895,2049391072,115508936757
sz399348,深证价值,6398.575,26.155,0.41,6372.42,6398.938,6418.749,6379.764,2131199026,32845405635
sz399350,皖江30,2953.365,-15.023,-0.506,2968.388,2994.694,3005.342,2948.555,691787016,19800692199
sz399351,创新示范,10481.53,-0.79,-0.008,10482.32,10599.248,10605.859,10456.765,2212194486,57377431772
sz399352,深企综指,10601.815,-4.442,-0.042,10606.257,10713.501,10720.738,10573.103,4693685243,97097900358
sz399353,国证物流,2143.547,-3.473,-0.162,2147.02,2147.271,2152.429,2137.601,830593864,5812952544
sz399354,分析师指数,8416.346,15.776,0.188,8400.57,8427.936,8438.001,8389.543,3461092389,117518495500
sz399355,长三角,3645.517,13.726,0.378,3631.791,3656.605,3658.641,3630.549,1191625314,28789560935
sz399356,珠三角,10292.42,27.047,0.263,10265.373,10350.227,10350.227,10261.244,1264660013,39418181608
sz399357,环渤海,3583.125,26.984,0.759,3556.141,3583.352,3588.703,3564.771,3400003064,44912340223
sz399358,国证环保,5665.732,-61.459,-1.073,5727.191,5760.412,5760.412,5653.955,1702160483,59360177376
sz399359,国证基建,2714.317,11.939,0.442,2702.378,2704.07,2714.317,2701.83,1234159949,8953456813
sz399360,新硬件,7320.641,-46.917,-0.637,7367.558,7441.956,7451.542,7303.285,1529912328,46962710430
sz399361,在线消费,3766.481,-19.056,-0.503,3785.537,3806.908,3811.713,3754.454,1422696902,16070108359
sz399362,民企100,8325.23,-34.479,-0.412,8359.709,8472.736,8488.724,8311.332,1435272173,87903851151
sz399363,国证算力,8600.112,38.3,0.447,8561.812,8820.01,8858.457,8549.546,1004532149,77866079260
sz399364,消费100,10465.871,-0.033,-0.0,10465.904,10618.154,10634.437,10438.526,1890381570,101633674470
sz399365,国证粮食,13469.479,-19.097,-0.142,13488.576,13497.823,13579.66,13422.827,1129469780,15835067729
sz399366,能源金属,2693.262,47.986,1.814,2645.276,2651.51,2746.527,2643.344,1981141445,58249738782
sz399367,1000地产,2736.986,15.199,0.558,2721.787,2725.608,2739.451,2690.031,555249184,4374568743
sz399368,国证军工,7500.718,-60.029,-0.794,7560.747,7549.215,7549.929,7486.862,509707525,14338817328
sz399369,国证责任,1553.151,3.897,0.252,1549.254,1554.16,1557.001,1549.395,1616480640,38939478472
sz399370,国证成长,4913.934,-14.33,-0.291,4928.264,4970.563,4975.233,4903.532,6254985063,213440137509
sz399371,国证价值,7227.445,46.285,0.645,7181.16,7193.185,7229.957,7183.744,8603363139,93144632539
sz399372,大盘成长,5167.335,-23.101,-0.445,5190.436,5241.166,5247.062,5156.297,1835055623,99019219218
sz399373,大盘价值,8707.032,80.542,0.934,8626.49,8632.768,8707.089,8610.781,3911527158,38838609340
sz399374,中盘成长,4354.144,-3.694,-0.085,4357.838,4382.412,4389.792,4345.143,1704730375,48711408773
sz399375,中盘价值,5754.132,12.992,0.226,5741.14,5759.676,5789.612,5737.631,2053923191,23207006111
sz399376,小盘成长,6066.565,2.48,0.041,6064.085,6110.113,6133.112,6052.984,2715199065,65709509517
sz399377,小盘价值,7715.736,5.174,0.067,7710.562,7736.397,7762.564,7692.272,2637912790,31099017088
sz399378,ESG 300,2884.581,1.837,0.064,2882.744,2902.826,2904.313,2877.0,8668937707,199701649488
sz399379,国证基金,9141.557,-0.946,-0.01,9142.503,9195.014,9205.05,9123.872,93664586998,247530640699
sz399380,国证ETF,1810.049,-0.053,-0.003,1810.102,1820.945,1823.016,1806.405,93173083192,246701560470
sz399381,1000能源,3151.735,-2.319,-0.074,3154.054,3134.734,3153.734,3128.326,673016059,5451742565
sz399382,1000材料,3543.353,11.176,0.316,3532.177,3537.683,3588.712,3528.465,4542813766,90895206232
sz399383,1000工业,2950.339,-19.119,-0.644,2969.458,2984.255,2984.403,2944.989,5265039802,107020681549
sz399384,1000可选,4059.541,-7.832,-0.193,4067.373,4075.104,4077.724,4050.821,1616317085,26961410092
sz399385,1000消费,9838.507,-32.073,-0.325,9870.58,9871.84,9871.84,9816.749,530644793,9518023971
sz399386,1000医药,5953.164,-13.892,-0.233,5967.056,5990.074,6011.882,5943.908,485567653,13918755779
sz399387,1000金融,5706.341,63.757,1.13,5642.584,5675.138,5706.341,5656.115,5864469580,52245144039
sz399388,1000信息,6139.332,-26.783,-0.434,6166.115,6265.667,6275.773,6121.132,2805267269,107216436230
sz399389,国证通信,7032.229,42.669,0.61,6989.56,7182.499,7230.55,6983.987,1133600412,53153421344
sz399390,1000公用,2720.952,7.449,0.275,2713.503,2715.411,2724.417,2713.262,1037004686,6933179694
sz399391,投资时钟,3402.756,6.291,0.185,3396.465,3396.955,3409.061,3391.491,2757645733,36714781234
sz399392,国证新兴,2948.645,-6.285,-0.213,2954.93,2974.574,2976.579,2942.945,3087982216,137066330378
sz399393,国证地产,3328.447,13.344,0.403,3315.103,3317.941,3332.989,3271.361,2220098979,11135940403
sz399394,国证医药,8868.798,-21.003,-0.236,8889.801,8924.234,8955.601,8855.55,435340636,13239322516
sz399395,国证有色,8862.124,38.676,0.438,8823.448,8827.184,8986.659,8823.572,2261214933,52324709656
sz399396,国证食品,18724.684,-47.679,-0.254,18772.363,18773.432,18773.432,18678.201,215758184,7519272931
sz399397,国证文化,2257.979,-10.872,-0.479,2268.851,2277.841,2279.021,2252.247,1481430633,17948276948
sz399398,绩效指数,10752.737,-37.608,-0.349,10790.345,10827.192,10827.192,10736.493,625294958,23979265387
sz399399,中经GDP,8190.133,-10.346,-0.126,8200.479,8236.403,8237.298,8170.148,6743819531,129939465893
sz399400,大中盘,4134.296,4.569,0.111,4129.727,4158.755,4161.019,4124.178,14521084506,316013534270
sz399401,中小盘,4624.228,-8.394,-0.181,4632.622,4666.108,4669.433,4615.006,15123349633,267308342050
sz399402,周期100,3726.052,-12.026,-0.322,3738.078,3764.262,3766.483,3714.763,4036464550,98180144732
sz399403,防御100,8670.486,9.349,0.108,8661.137,8751.314,8771.578,8645.714,1175140711,50197582974
sz399405,大盘高贝,3085.681,-1.69,-0.055,3087.371,3136.74,3142.577,3077.763,1367923967,92516131923
sz399406,中盘低波,13668.204,22.346,0.164,13645.858,13679.105,13729.405,13632.405,1973845777,19383832985
sz399407,中盘高贝,3007.371,-12.527,-0.415,3019.898,3057.802,3061.125,3002.619,1689504078,69818964743
sz399408,小盘低波,15523.502,-11.805,-0.076,15535.307,15557.726,15615.077,15484.503,2829678475,21808862826
sz399409,小盘高贝,6154.987,-27.716,-0.448,6182.703,6238.594,6245.565,6146.021,2906608924,61074889785
sz399410,苏州率先,2638.142,12.988,0.495,2625.154,2672.691,2684.525,2627.205,428328857,18199758703
sz399411,红利100,3591.482,8.901,0.248,3582.581,3583.347,3595.467,3577.952,3693210731,27488204874
sz399412,国证新能,3024.998,-28.716,-0.94,3053.714,3070.837,3078.433,3019.668,1663143089,64865547241
sz399413,国证转债,181.513,-0.177,-0.097,181.69,182.053,182.434,181.151,174313281,34039554049
sz399415,I100,6806.603,-18.543,-0.272,6825.146,6870.501,6889.34,6792.011,1450906944,48831719518
sz399416,I300,4652.664,-23.576,-0.504,4676.24,4697.324,4706.291,4635.436,2025497151,24262464792
sz399417,新能源车,3905.797,-30.22,-0.768,3936.017,3954.038,3982.969,3895.324,1895625167,77370121133
sz399418,数据要素,4197.01,-25.422,-0.602,4222.432,4254.627,4259.615,4182.603,913686110,20597770563
sz399419,国证高铁,2095.939,-9.284,-0.441,2105.223,2110.829,2113.061,2091.0,625604837,6570412988
sz399420,国证保证,1547.339,10.471,0.681,1536.868,1560.726,1562.345,1541.401,1401624107,20924956293
sz399422,中关村A,3451.312,-15.471,-0.446,3466.783,3486.831,3489.192,3441.997,5178341081,77060652754
sz399423,中关村50,2895.949,-24.91,-0.853,2920.859,2948.34,2951.906,2887.127,799820544,19232471919
sz399428,国证定增,4104.076,-3.974,-0.097,4108.05,4136.553,4146.694,4091.654,1621001683,27549663993
sz399429,新丝路,1625.433,3.867,0.238,1621.566,1628.995,1640.102,1621.238,2081144800,31338443962
sz399431,国证银行,8356.365,141.964,1.728,8214.401,8199.042,8356.365,8178.596,3294746949,23110148368
sz399432,智能汽车,6598.839,-36.735,-0.554,6635.574,6667.458,6713.722,6581.906,964116070,51360628934
sz399433,国证交运,1731.205,2.357,0.136,1728.848,1730.201,1737.325,1726.433,1102777546,7297383315
sz399434,数字传媒,2208.686,-15.522,-0.698,2224.208,2235.271,2237.273,2201.024,1604077017,17124283144
sz399435,国证农牧,4045.973,-27.24,-0.669,4073.213,4075.674,4075.674,4034.442,1241217548,8280780357
sz399436,绿色煤炭,4183.82,-33.726,-0.8,4217.546,4205.689,4219.988,4169.817,691454956,3526246010
sz399437,证券龙头,6874.683,49.827,0.73,6824.856,6963.584,6972.112,6851.568,1387863740,19087912967
sz399438,绿色电力,2095.374,2.93,0.14,2092.444,2094.511,2101.105,2091.542,784353236,7088349474
sz399439,国证油气,1907.873,0.137,0.007,1907.736,1894.624,1908.406,1893.209,1394855904,10528067782
sz399440,国证钢铁,1485.092,6.254,0.423,1478.838,1479.907,1499.419,1478.643,907346785,7705533482
sz399441,生物医药,2263.018,-0.513,-0.023,2263.531,2276.951,2287.685,2258.814,193362968,6062928435
sz399481,企债指数,127.842,-0.003,-0.002,127.845,127.845,127.845,127.842,1801000,180871715
sz399550,央视50,8038.755,36.955,0.462,8001.8,8022.091,8045.07,8007.982,1846897830,25633780880
sz399551,央视创新,9740.711,-33.77,-0.345,9774.481,9883.521,9901.82,9724.49,844964584,22314739050
sz399552,央视成长,8275.238,38.313,0.465,8236.925,8250.226,8275.238,8238.07,990272060,18030256466
sz399553,央视回报,7622.972,21.172,0.279,7601.8,7629.809,7655.837,7601.967,790264931,26922029980
sz399554,央视治理,7657.886,47.324,0.622,7610.562,7635.087,7657.961,7622.693,1706891123,22449542791
sz399555,央视责任,5429.056,43.551,0.809,5385.505,5388.545,5429.205,5382.017,2501388939,25235824171
sz399556,央视生态,2952.745,0.335,0.011,2952.41,2968.061,2985.752,2946.254,1404384694,54121462597
sz399557,央视文化,1901.673,-8.031,-0.421,1909.704,1918.841,1919.918,1896.829,1481984333,17953677199
sz399602,中小成长,1244.697,-2.015,-0.162,1246.712,1256.754,1258.198,1241.721,2455206819,68267205936
sz399604,中小价值,1976.92,-0.254,-0.013,1977.174,1983.319,1988.043,1972.058,1250864977,17784130042
sz399606,创业板R,3392.542,-18.477,-0.542,3411.019,3471.985,3477.78,3386.79,1609979435,95691361812
sz399608,科技100,4035.603,-25.761,-0.634,4061.364,4112.686,4117.808,4027.488,2158366351,100677216063
sz399610,TMT50,8787.853,12.76,0.145,8775.093,8980.172,9019.765,8749.071,1096578439,65502166884
sz399611,中创100R,3134.318,-10.544,-0.335,3144.862,3191.74,3196.48,3128.189,2056958862,118734632679
sz399612,中创100,2654.913,-8.93,-0.335,2663.843,2703.552,2707.567,2649.721,2056958862,118734632679
sz399613,深证能源,3325.021,-43.938,-1.304,3368.959,3364.994,3364.994,3317.471,219941591,1390517738
sz399614,深证材料,3547.322,27.451,0.78,3519.871,3529.364,3599.15,3527.404,2955729027,67628084191
sz399615,深证工业,4110.014,-23.415,-0.566,4133.429,4167.822,4170.68,4102.772,3095029396,82391077721
sz399616,深证可选,6417.215,-13.24,-0.206,6430.455,6452.247,6455.063,6404.89,1671220263,23258447763
sz399617,深证消费,9794.742,-28.614,-0.291,9823.356,9822.771,9832.675,9767.235,169863427,3213699278
sz399618,深证医药,8344.625,-33.308,-0.398,8377.933,8408.595,8423.404,8331.441,370931435,8987948728
sz399619,深证金融,7362.881,50.818,0.695,7312.063,7404.421,7409.586,7335.375,759889083,8883645578
sz399620,深证信息,5288.497,-22.583,-0.425,5311.08,5383.621,5395.587,5273.516,2422188819,73463793468
sz399621,深证电信,10179.119,107.553,1.068,10071.566,10458.65,10555.655,10085.789,299139431,34200334483
sz399622,深证公用,1779.034,4.873,0.275,1774.161,1777.513,1786.794,1774.683,289274306,2663802557
sz399623,中小基础,8712.966,-12.347,-0.142,8725.313,8785.407,8792.516,8693.281,6744497877,126531817093
sz399624,中创400,2457.057,-5.474,-0.222,2462.531,2479.651,2482.542,2452.355,6611217067,133032637172
sz399625,中创500,2335.197,-6.297,-0.269,2341.494,2368.604,2371.729,2330.85,8668175929,251767269851
sz399626,中创成长,1992.303,-5.61,-0.281,1997.913,2027.876,2030.739,1988.439,3149531778,142514517134
sz399627,中创价值,2460.477,-10.259,-0.415,2470.736,2481.857,2483.044,2454.769,1995880991,45110828379
sz399628,700成长,2305.684,-6.368,-0.275,2312.052,2331.699,2334.912,2301.836,2987293529,64278360925
sz399629,700价值,2878.708,-1.456,-0.051,2880.164,2887.794,2898.629,2871.861,2891629004,29737840103
sz399630,1000成长,1722.617,-6.172,-0.357,1728.789,1750.869,1752.825,1719.074,5118760790,192295522506
sz399631,1000价值,2226.545,4.298,0.193,2222.247,2230.384,2235.72,2220.837,4972688655,63955023153
sz399632,深100EW,5105.415,4.974,0.098,5100.441,5153.424,5156.41,5092.103,2335785270,104776546798
sz399633,深300EW,6028.584,0.346,0.006,6028.238,6077.595,6082.687,6013.281,6108325683,191342123048
sz399634,中小等权,4185.118,4.508,0.108,4180.61,4210.689,4221.416,4173.646,2014312865,61169686054
sz399635,创业板EW,2056.963,-2.114,-0.103,2059.077,2085.881,2087.911,2053.307,1609979435,95691361812
sz399636,深证装备,7575.046,-53.783,-0.705,7628.829,7762.057,7778.658,7560.979,1868435518,76449751124
sz399637,深证地产,1901.448,14.865,0.788,1886.583,1882.841,1904.908,1851.0,1446535464,5788285238
sz399638,深证环保,7633.53,-90.998,-1.178,7724.528,7786.355,7805.753,7616.94,1358813315,60794891921
sz399639,深证大宗,2201.081,18.81,0.862,2182.271,2187.258,2229.223,2181.173,1393250177,39424959025
sz399640,创业基础,2824.672,-15.249,-0.537,2839.921,2877.464,2882.67,2819.232,7565205114,205031135311
sz399641,深证新兴,2708.621,-8.337,-0.307,2716.958,2751.907,2755.563,2703.631,4614685007,165667526193
sz399642,中小新兴,2239.485,-5.907,-0.263,2245.392,2266.393,2269.491,2234.696,2892848409,75329975501
sz399643,创业新兴,3773.505,-21.669,-0.571,3795.174,3863.891,3871.151,3767.456,1797651963,99313504141
sz399644,深证时钟,3573.57,2.707,0.076,3570.863,3579.984,3586.125,3562.41,2286591301,29302377398
sz399645,100低波,9526.08,19.662,0.207,9506.418,9542.8,9561.689,9503.713,1198394846,21830483430
sz399646,深消费50,8003.599,-13.618,-0.17,8017.217,8030.756,8032.023,7987.433,1116879595,18022668530
sz399647,深医药50,8214.075,-30.897,-0.375,8244.972,8277.005,8290.746,8203.229,359189838,8466037631
sz399648,深证GDP,11753.361,-4.631,-0.039,11757.992,11822.782,11832.729,11720.47,2382381802,69001776835
sz399649,中小红利,3238.859,14.752,0.458,3224.107,3238.61,3255.648,3229.293,676631342,15173033880
sz399650,中小治理,2496.389,-8.393,-0.335,2504.782,2533.223,2535.578,2490.962,564211990,21166664994
sz399651,中小责任,1728.963,-1.36,-0.079,1730.323,1743.242,1744.682,1725.96,667947601,25685613027
sz399652,中创高新,3499.439,-29.661,-0.84,3529.1,3550.651,3557.916,3489.597,563231206,14565037317
sz399653,深证龙头,2985.533,-15.022,-0.501,3000.555,3033.205,3035.906,2979.316,1120749496,51181918348
sz399654,深证文化,2823.411,-15.649,-0.551,2839.06,2851.244,2853.381,2814.212,1962848919,21247285442
sz399655,深证绩效,10803.182,0.014,0.0,10803.168,10846.879,10850.81,10782.382,878814668,39559376600
sz399656,100绩效,6305.396,2.144,0.034,6303.252,6359.366,6359.588,6291.023,2335785270,104776546798
sz399657,300绩效,7028.803,13.396,0.191,7015.407,7072.286,7081.666,7010.489,6108325683,191342123048
sz399658,中小绩效,4761.029,12.492,0.263,4748.537,4785.118,4797.895,4747.621,2014312865,61169686054
sz399659,深成指EW,4589.553,-0.406,-0.009,4589.959,4624.42,4629.538,4579.293,10862624002,273106701859
sz399660,中创EW,2662.672,0.964,0.036,2661.708,2694.65,2697.379,2657.209,2056958862,118734632679
sz399661,深证低波,5945.854,6.716,0.113,5939.138,5956.872,5975.111,5930.983,2223862887,29097514429
sz399662,深证高贝,2338.217,-1.358,-0.058,2339.575,2370.753,2373.739,2333.506,1889020904,117671907506
sz399663,中小低波,1976.322,1.004,0.051,1975.318,1980.439,1984.813,1971.438,1515023905,17595729947
sz399664,中小高贝,1460.493,-0.451,-0.031,1460.944,1471.89,1477.993,1457.405,2469065059,65937395194
sz399665,中创低波,2345.805,-1.768,-0.075,2347.573,2355.922,2362.021,2340.116,3137341958,68352522500
sz399666,中创高贝,1968.773,-8.959,-0.453,1977.732,1997.931,2001.703,1964.936,3722624584,148041695667
sz399667,创业成长,5095.442,-5.397,-0.106,5100.839,5217.843,5239.905,5080.697,1200985547,76649018749
sz399668,创业板V,5308.805,-58.511,-1.09,5367.316,5417.569,5421.697,5298.375,1253543648,45454176521
sz399669,深证农业,8766.394,11.995,0.137,8754.399,8765.875,8817.938,8729.516,774427638,15359198085
sz399670,深周期50,4259.866,-8.215,-0.192,4268.081,4323.254,4328.807,4246.871,2053723348,68801753523
sz399671,深防御50,9421.345,25.731,0.274,9395.614,9562.604,9593.22,9377.247,1020191378,39785108227
sz399672,深红利50,4184.673,-9.435,-0.225,4194.108,4198.3,4207.705,4170.892,507600958,5048644280
sz399673,创业板50,3220.811,-20.933,-0.646,3241.744,3307.654,3315.7,3215.472,1176061034,79887829430
sz399674,深A医药,2009.64,-9.319,-0.462,2018.959,2026.068,2030.785,2003.296,1665539569,26698688882
sz399675,深互联网,3392.905,-18.857,-0.553,3411.762,3430.588,3436.609,3375.396,1976360458,34498638281
sz399676,深医药EW,3890.255,-20.677,-0.529,3910.932,3925.392,3935.226,3865.204,1665539569,26698688882
sz399677,深互联EW,5645.055,-18.732,-0.331,5663.787,5686.241,5697.373,5604.085,1976360458,34498638281
sz399678,深次新股,560.754,-0.317,-0.056,561.071,565.019,567.285,559.631,169863665,6785279715
sz399679,深证200R,6034.286,-1.735,-0.029,6036.021,6089.872,6097.626,6020.2,3772540413,86565576250
sz399680,深成能源,709.732,-10.21,-1.418,719.942,717.537,717.537,707.551,118425059,751704129
sz399681,深成材料,1250.576,11.595,0.936,1238.981,1242.578,1269.293,1241.495,2405716195,59112018697
sz399682,深成工业,1882.369,-17.32,-0.912,1899.689,1916.436,1916.715,1879.046,2584895643,71057943660
sz399683,深成可选,1870.985,-1.162,-0.062,1872.147,1877.269,1879.192,1866.861,1179968889,17237425187
sz399684,深成消费,1914.989,-4.714,-0.246,1919.703,1919.651,1921.314,1909.482,196927955,3862453748
sz399685,深成医药,1698.755,-7.237,-0.424,1705.992,1712.271,1715.143,1696.397,366268570,8613826563
sz399686,深成金融,2216.529,12.012,0.545,2204.517,2233.432,2235.267,2208.093,1264792406,12140742299
sz399687,深成信息,3592.433,-16.203,-0.449,3608.636,3659.277,3667.365,3582.83,2129399139,67744565718
sz399688,深成电信,5446.134,67.09,1.247,5379.044,5596.497,5654.03,5395.815,187495445,29280712602
sz399689,深成公用,879.967,2.205,0.251,877.762,879.064,883.854,877.544,258584194,2308226014
sz399692,创业低波,3871.521,-19.18,-0.493,3890.701,3910.165,3913.178,3864.486,839676872,28272442470
sz399693,安防产业,4838.543,-15.801,-0.326,4854.344,4881.599,4885.62,4807.604,1115403438,16066568020
sz399694,创业高贝,4068.43,-26.664,-0.651,4095.094,4139.814,4147.814,4054.953,2095534084,66339661283
sz399695,深证节能,2994.712,2.247,0.075,2992.465,3009.379,3040.344,2987.806,2741858471,86731358101
sz399696,深证创投,4063.683,8.999,0.222,4054.684,4129.86,4142.316,4045.563,2873596471,65820807404
sz399697,中关村60,3581.088,-16.58,-0.461,3597.668,3623.283,3624.773,3570.443,1316146538,22446449932
sz399698,优势成长,51047.98,-93.231,-0.182,51141.211,51245.082,51405.582,50705.852,216838094,3910168667
sz399699,金融科技,4355.69,-19.515,-0.446,4375.205,4415.044,4420.982,4336.026,1155555100,23742823421
sz399701,深证F60,8073.439,13.078,0.162,8060.361,8095.034,8098.135,8038.756,1867547006,42140522583
sz399702,深证F120,7600.382,13.215,0.174,7587.167,7621.595,7631.821,7569.371,3093550321,78451191676
sz399703,深证F200,7567.329,18.344,0.243,7548.985,7588.399,7603.95,7537.734,5145853989,125541491409
sz399704,深证上游,6379.917,63.209,1.001,6316.708,6331.94,6476.757,6329.725,1630375211,41890633155
sz399705,深证中游,4060.304,-18.612,-0.456,4078.916,4145.651,4153.503,4052.786,2872587483,124771772845
sz399706,深证下游,5669.499,-11.805,-0.208,5681.304,5698.414,5700.111,5658.708,1059679690,29478407438
sz399707,CSSW证券,6633.814,43.991,0.668,6589.823,6717.967,6724.808,6611.842,2057629607,24679514454
sz399750,深主板50,8909.119,17.134,0.193,8891.985,8938.717,8940.562,8885.368,1344200621,29675490705
sz399802,500深市,6556.157,-6.21,-0.095,6562.367,6623.479,6630.443,6542.189,4350752190,87759348462
sz399803,工业4.0,5078.281,-20.273,-0.398,5098.554,5161.879,5169.046,5068.256,894538734,31424292008
sz399804,中证体育,1947.707,-18.173,-0.924,1965.88,1969.706,1972.218,1942.198,265759158,4721998161
sz399805,互联金融,3744.567,-8.4,-0.224,3752.967,3789.972,3795.3,3730.002,1176849125,20591774498
sz399806,环境治理,1432.092,2.866,0.201,1429.226,1434.905,1443.391,1430.42,1060841886,11051140783
sz399807,高铁产业,1288.575,-1.522,-0.118,1290.097,1289.569,1291.64,1284.822,468463277,3602414677
sz399808,中证新能,2944.365,-2.554,-0.087,2946.919,2966.078,2993.615,2936.998,2768887504,95546547410
sz399809,保险主题,2497.758,18.312,0.739,2479.446,2482.212,2497.758,2474.774,1588410319,14338069374
sz399810,CSSW传媒,3030.397,-17.656,-0.579,3048.053,3060.258,3062.514,3019.648,1979709271,21195867052
sz399811,CSSW电子,5397.861,-7.084,-0.131,5404.945,5524.837,5536.241,5378.454,1050680800,53926399108
sz399812,养老产业,6433.255,-37.246,-0.576,6470.501,6477.633,6478.533,6414.251,685529204,14192878531
sz399813,中证国安,7276.286,-49.937,-0.682,7326.223,7336.007,7340.366,7256.875,2856133953,56052540790
sz399814,大农业,1197.885,2.288,0.191,1195.597,1197.439,1206.974,1192.837,897679692,15500676302
sz399850,深证50,8941.285,-8.95,-0.1,8950.235,9068.239,9080.628,8920.352,1313655289,72067109984
sz399852,中证1000,7365.553,-21.655,-0.293,7387.208,7429.7,7439.044,7348.872,13417536200,214517299672
sz399901,小康指数,6408.449,32.139,0.504,6376.31,6382.878,6418.496,6378.231,4968284600,60019374990
sz399903,中证100,4456.613,-1.151,-0.026,4457.764,4486.542,4487.796,4444.171,4158234400,135536931994
sz399905,中证 500,7100.597,-22.15,-0.311,7122.747,7174.104,7180.732,7086.1,8902197200,148442565398
sz399913,300 医药,8588.955,-20.667,-0.24,8609.622,8650.441,8678.004,8574.37,151083700,7088236131
sz399914,300 金融,6786.671,85.681,1.279,6700.99,6731.054,6786.671,6710.042,4711061600,44160035043
sz399928,中证能源,3037.64,-3.919,-0.129,3041.559,3022.517,3041.123,3015.921,653598900,5351011785
sz399932,中证消费,16158.903,-43.871,-0.271,16202.774,16205.229,16210.095,16124.676,249959400,7547981259
sz399933,中证医药,8470.853,-16.608,-0.196,8487.461,8521.478,8551.399,8456.994,447758500,12991880610
sz399934,中证金融,6347.69,73.632,1.174,6274.058,6307.901,6347.69,6288.861,5951208200,53784215436
sz399935,中证信息,6149.088,-26.32,-0.426,6175.408,6282.535,6290.196,6129.418,1997918600,88903678727
sz399959,军工指数,1562.015,-13.334,-0.846,1575.349,1572.17,1572.17,1559.362,280389289,8146623768
sz399965,800地产,2848.984,21.232,0.751,2827.752,2827.349,2853.414,2805.486,522748471,4181678445
sz399966,800非银,6492.629,40.806,0.632,6451.823,6548.157,6553.922,6469.589,1975020988,25497164190
sz399967,中证军工,11939.243,-86.982,-0.723,12026.225,12018.882,12018.882,11918.228,1446316501,28932885098
sz399970,移动互联,4277.39,-14.978,-0.349,4292.368,4356.327,4363.333,4264.45,2847014402,80423681122
sz399971,中证传媒,1424.748,-10.002,-0.697,1434.75,1440.498,1441.588,1421.689,1306953481,14854542918
sz399972,300深市,5534.704,-9.139,-0.165,5543.843,5608.667,5612.778,5521.661,2715816472,114722661887
sz399973,中证国防,1600.022,-13.119,-0.813,1613.141,1612.256,1612.404,1597.118,367589874,9758801434
sz399974,国企改革,1877.161,0.593,0.032,1876.568,1885.785,1886.676,1871.656,2771766139,55541196692
sz399975,证券公司,864.3,5.745,0.669,858.555,875.193,876.096,861.436,2070970566,24788770265
sz399976,CS新能车,4548.624,-9.411,-0.206,4558.035,4576.454,4641.562,4532.974,1832256053,78451681378
sz399982,500等权,8709.98,-25.091,-0.287,8735.071,8788.01,8795.239,8690.86,8902197200,148442565398
sz399983,地产等权,2278.022,47.123,2.112,2230.899,2229.39,2280.874,2228.98,337552689,2098078764
sz399986,中证银行,7939.017,134.106,1.718,7804.911,7790.196,7939.017,7771.374,3644058981,24298955215
sz399987,中证酒,5553.322,-6.303,-0.113,5559.625,5562.322,5564.175,5536.934,73448039,4351517838
sz399989,中证医疗,7006.977,-49.254,-0.698,7056.231,7087.592,7104.417,6996.334,265779186,8430641148
sz399990,煤炭等权,3204.715,-43.353,-1.335,3248.068,3232.391,3240.373,3194.376,560292093,4098289044
sz399991,一带一路,2787.748,7.351,0.264,2780.397,2798.474,2802.876,2779.552,3118585124,62759453969
sz399992,CSWD并购,2067.649,-9.277,-0.447,2076.926,2090.33,2094.762,2061.925,1633615458,23181224784
sz399993,CSWD生科,2762.163,-8.637,-0.312,2770.8,2783.499,2793.018,2756.725,347837677,9399358416
sz399994,信息安全,1845.192,-13.303,-0.716,1858.495,1868.338,1872.727,1838.881,1213801735,24410985619
sz399995,基建工程,3890.74,10.78,0.278,3879.96,3888.875,3899.123,3877.021,972433858,6988898377
sz399996,智能家居,4310.226,-1.361,-0.032,4311.587,4366.568,4375.026,4292.961,1799998306,61268911976
sz399997,中证白酒,9819.325,-6.866,-0.07,9826.191,9831.615,9835.29,9786.803,46294601,3871143097
sz399998,中证煤炭,2182.972,-19.41,-0.881,2202.382,2194.428,2202.3,2175.41,560292093,4098289044
sz970070,CNTAI50,5087.011,26.432,0.522,5060.579,5222.759,5252.28,5047.333,1007005101,47965248166
sz980015,疫苗生科,6712.581,-3.039,-0.045,6715.62,6758.578,6797.997,6702.125,286709825,10253301824
sz980016,医疗健康,6356.501,-17.047,-0.267,6373.548,6398.268,6422.367,6345.139,198277206,8849040435
sz980018,卫星通信,3646.571,-4.821,-0.132,3651.392,3671.019,3675.853,3628.123,723898619,15793990105
sz980022,CNIROBOT,2369.923,-16.227,-0.68,2386.15,2396.865,2404.108,2366.848,260523485,7655298729
sz980027,CNINEB,3363.774,-22.959,-0.678,3386.733,3427.33,3434.535,3358.669,675247020,32266825653
sz980028,龙头家电,12189.057,35.851,0.295,12153.206,12176.771,12198.157,12154.577,279149450,6880982999
sz980030,消费电子,6805.823,-9.075,-0.133,6814.898,6933.663,6952.088,6793.358,942124139,33648794849
sz980032,新能电池,16166.974,-75.627,-0.466,16242.601,16315.404,16524.908,16117.116,1390456319,59476070867
sz980035,化肥农药,2239.199,11.7,0.525,2227.499,2233.182,2272.61,2225.923,1451258272,20673179804
sz980076,通用航空,3159.559,-19.145,-0.602,3178.704,3180.219,3181.967,3149.875,365856893,7804620340
sz980092,CNIFCF,5294.466,-2.696,-0.051,5297.162,5305.962,5324.536,5277.884,1691468378,22395513328
